url,count
https://itviec.com/it-jobs/agentic-engineer-python-go-c-c-backend-ai-agents-mb-bank-1315,2
https://itviec.com/it-jobs/ai-agent-engineer-ml-python-typesript-net-adk-truong-minh-thinh-technology-joint-stock-company-5948,2
https://itviec.com/it-jobs/ai-agent-engineer-python-llm-kds-vietnam-5513,2
https://itviec.com/it-jobs/ai-automation-engineer-javascript-python-llm-bloomentum-2901,2
https://itviec.com/it-jobs/ai-engineer-agentic-systems-backend-smilegate-vietnam-0304,2
https://itviec.com/it-jobs/ai-engineer-computer-vision-nlp-llm-mb-bank-1237,2
https://itviec.com/it-jobs/ai-engineer-inference-engineering-autonomous-2553,2
https://itviec.com/it-jobs/ai-engineer-ml-llm-cong-ty-co-phan-chung-khoan-kafi-1643,2
https://itviec.com/it-jobs/ai-engineer-python-sql-bolt-tech-5904,2
https://itviec.com/it-jobs/ai-lead-genai-rag-multi-agent-aws-sun-life-vietnam-insurance-company-limited-0715,2
https://itviec.com/it-jobs/ai-powered-automation-engineer-itviec-recruitment-consulting-4219,2
https://itviec.com/it-jobs/ai-software-engineer-python-go-c-c-ai-agents-mb-bank-1349,2
https://itviec.com/it-jobs/android-developer-middle-senior-up-to-3000-ingenico-vietnam-2441,2
https://itviec.com/it-jobs/automation-framework-developer-python-robot-framework-lg-electronics-development-vietnam-lgedv-0427,2
https://itviec.com/it-jobs/automation-tester-qa-qc-pacific-cross-vietnam-2532,2
https://itviec.com/it-jobs/backend-developer-java-odoo-python-vic-viettel-group-1142,2
https://itviec.com/it-jobs/backend-engineer-java-python-aws-gotymex-3136,2
https://itviec.com/it-jobs/blue-team-engineer-security-python-siem-edr-ids-ips-con-cung-0151,2
https://itviec.com/it-jobs/c-c-python-developer-in-machine-vision-up-to-2000-xavis-tech-3017,2
https://itviec.com/it-jobs/c-developer-jp-n3-fpt-software-0354,2
https://itviec.com/it-jobs/chuyen-gia-xay-dung-mo-hinh-phat-hien-gian-lan-mb-bank-5436,2
https://itviec.com/it-jobs/chuyen-vien-cao-cap-chuyen-gia-du-lieu-tuan-thu-mb-bank-0918,2
https://itviec.com/it-jobs/chuyen-vien-data-engineer-python-sql-global-glory-5405,2
https://itviec.com/it-jobs/chuyen-vien-van-hanh-va-phat-trien-he-thong-python-cong-ty-co-phan-mat-group-0340,2
https://itviec.com/it-jobs/consultant-fullstack-engineer-python-reactjs-nab-innovation-centre-vietnam-0039,2
https://itviec.com/it-jobs/data-analyst-fa-team-ahamove-2548,2
https://itviec.com/it-jobs/data-analyst-sql-python-cong-ty-co-phan-noi-that-va-xay-dung-sao-moc-vuong-0749,2
https://itviec.com/it-jobs/data-engineer-ai-python-sql-etl-english-up-to-3000-sun-group-3823,2
https://itviec.com/it-jobs/data-engineer-data-warehouse-python-java-sql-shs-chung-khoan-sai-gon-ha-noi-1034,2
https://itviec.com/it-jobs/data-scientist-machine-learning-ops-track-ocean-network-express-vietnam-co-ltd-0212,2
https://itviec.com/it-jobs/data-tech-lead-sql-python-data-modeling-aws-cong-ty-tnhh-stravo-vietnam-4341,2
https://itviec.com/it-jobs/database-administrator-dba-oracle-postgresql-cong-ty-co-phan-thanh-toan-so-mobifone-0124,2
https://itviec.com/it-jobs/devops-engineer-aws-ci-cd-python-terraform-zen8labs-0815,2
https://itviec.com/it-jobs/devops-engineer-azure-python-cloud-ntt-data-vds-4434,2
https://itviec.com/it-jobs/devops-engineer-ci-cd-kubernetes-python-terraform-globaltech-3233,2
https://itviec.com/it-jobs/devsecops-devops-engineer-the-rep-office-of-styl-solutions-pte-ltd-in-hcmc-3013,2
https://itviec.com/it-jobs/engineering-lead-python-ai-cloud-platform-skylink-labs-5029,2
https://itviec.com/it-jobs/fullstack-developer-html-javascript-nodejs-sql-vpdd-feeldx-pty-ltd-tai-tp-hcm-2041,2
https://itviec.com/it-jobs/fullstack-developer-php-laravel-e-commerce-the-one-digi-corp-5303,2
https://itviec.com/it-jobs/fullstack-engineer-ai-saas-mcp-golang-python-cluega-5214,2
https://itviec.com/it-jobs/fullstack-engineer-vietlink-0136,2
https://itviec.com/it-jobs/home-racer-data-analyst-home-credit-vietnam-4232,2
https://itviec.com/it-jobs/hybrid-backend-engineer-python-django-fastapi-cong-ty-tnhh-renda-4856,2
https://itviec.com/it-jobs/intern-for-embedded-software-c-java-python-bosch-global-software-technologies-company-limited-0344,2
https://itviec.com/it-jobs/it-automation-developer-python-ai-api-sql-rpa-minh-viet-international-imv-4627,2
https://itviec.com/it-jobs/java-developer-fpt-software-0000,2
https://itviec.com/it-jobs/junior-ai-application-developer-machine-learning-llm-fpt-securities-1402,2
https://itviec.com/it-jobs/junior-ai-engineer-llm-python-machine-learning-truong-minh-thinh-technology-joint-stock-company-3200,2
https://itviec.com/it-jobs/junior-devops-engineer-python-aws-cloud-k8s-opencommerce-group-3748,2
https://itviec.com/it-jobs/manager-quality-assurance-cong-ty-tnhh-thiet-ke-he-thong-corsair-2544,2
https://itviec.com/it-jobs/manual-automation-tester-quality-analyst-qa-qc-mitek-vietnam-0005,2
https://itviec.com/it-jobs/mb-trainee-ai-engineer-fresher-mb-bank-1653,2
https://itviec.com/it-jobs/mid-sr-ai-engineer-python-llm-application-cong-ty-co-phan-xay-dung-va-noi-that-remak-1902,2
https://itviec.com/it-jobs/middle-ai-engineer-machine-learning-llm-python-gon-tech-5039,2
https://itviec.com/it-jobs/middle-ai-engineer-rag-llm-computer-vision-cong-ty-co-phan-cong-nghe-dp-unity-3834,2
https://itviec.com/it-jobs/middle-senior-software-engineer-java-python-golang-flinters-vietnam-3026,2
https://itviec.com/it-jobs/middle-solution-architect-linux-python-cong-ty-co-phan-cong-nghe-cyberops-4921,2
https://itviec.com/it-jobs/net-developer-english-fpt-software-0201,2
https://itviec.com/it-jobs/platform-engineering-internal-infrastructure-devops-one-mount-group-4523,2
https://itviec.com/it-jobs/principal-ai-engineer-money-forward-vietnam-co-ltd-2151,2
https://itviec.com/it-jobs/quality-engineer-tester-contractor-opencommerce-group-1417,2
https://itviec.com/it-jobs/remote-data-engineer-ai-data-platform-japan-python-salesnow-co-ltd-2134,2
https://itviec.com/it-jobs/remote-data-operations-analyst-sql-python-bi-orgscale-recruitment-4013,2
https://itviec.com/it-jobs/security-operations-engineer-aurify-0355,2
https://itviec.com/it-jobs/senior-ai-developer-ml-python-sql-bosch-global-software-technologies-company-limited-0815,2
https://itviec.com/it-jobs/senior-ai-engineer-aiml-cv-ocr-yolo-python-pytorch-simpson-strong-tie-vietnam-1931,2
https://itviec.com/it-jobs/senior-ai-engineer-computer-vision-nlp-llm-mb-bank-1921,2
https://itviec.com/it-jobs/senior-ai-engineer-genai-rag-multi-agent-aws-sun-life-vietnam-insurance-company-limited-2721,2
https://itviec.com/it-jobs/senior-ai-ml-engineer-codelink-3448,2
https://itviec.com/it-jobs/senior-backend-engineer-parcel-perform-1102,2
https://itviec.com/it-jobs/senior-backend-engineer-python-ai-cloud-platform-skylink-labs-3936,2
https://itviec.com/it-jobs/senior-data-analyst-nab-innovation-centre-vietnam-0949,2
https://itviec.com/it-jobs/senior-data-engineer-python-sql-cong-ty-tnhh-stravo-vietnam-4421,2
https://itviec.com/it-jobs/senior-data-engineer-sql-data-warehousing-etl-bss-group-4606,2
https://itviec.com/it-jobs/senior-data-scientist-id2649-vpbank-4051,2
https://itviec.com/it-jobs/senior-data-scientist-ml-ai-mlops-python-pytorch-tekai-1935,2
https://itviec.com/it-jobs/senior-engineer-python-fastapi-aws-lg-cns-viet-nam-3610,2
https://itviec.com/it-jobs/senior-expert-software-engineer-distributed-systems-one-mount-group-5551,2
https://itviec.com/it-jobs/senior-expert-software-engineering-techcomlife-techcombank-1600,2
https://itviec.com/it-jobs/senior-full-stack-engineer-net-react-huenx-vietnam-0621,2
https://itviec.com/it-jobs/senior-fullstack-engineer-nodejs-java-react-python-fpt-digital-1336,2
https://itviec.com/it-jobs/senior-fullstack-python-reactjs-nextjs-4500-cong-ty-tnhh-nanyang-biologics-viet-nam-2912,2
https://itviec.com/it-jobs/senior-it-compliance-specialist-mb-bank-5839,2
https://itviec.com/it-jobs/senior-lead-platform-engineer-databricks-mlops-aws-gotymex-1647,2
https://itviec.com/it-jobs/senior-manager-data-intelligence-analyst-python-sql-red2-digital-3142,2
https://itviec.com/it-jobs/senior-software-engineer-in-test-sdet-timo-1923,2
https://itviec.com/it-jobs/senior-solution-architect-erp-odoo-up-to-80m-vnd-technext-5610,2
https://itviec.com/it-jobs/senior-technical-support-specialist-l3-support-safetrust-4303,2
https://itviec.com/it-jobs/software-developer-javascript-python-cennext-co-ltd-1105,2
https://itviec.com/it-jobs/software-engineer-azure-python-net-angular-rosenxt-technology-vietnam-5908,2
https://itviec.com/it-jobs/software-engineer-data-focused-python-sql-airr-labs-4959,2
https://itviec.com/it-jobs/software-engineer-python-golang-typescript-cong-ty-tnhh-teenup-3452,2
https://itviec.com/it-jobs/software-engineer-python-java-node-js-robo-hi-0847,2
https://itviec.com/it-jobs/software-engineer-python-sw-dev-1-year-contract-bosch-global-software-technologies-company-limited-2554,2
https://itviec.com/it-jobs/software-engineer-python-typescript-skylab-1113,2
https://itviec.com/it-jobs/software-qa-engineer-remote-english-vcaptech-5449,2
https://itviec.com/it-jobs/sr-software-engineer-data-systems-python-golang-ai-coderpush-3802,2
https://itviec.com/it-jobs/system-engineer-linux-shinhan-ds-5358,2
https://itviec.com/it-jobs/teencare-ai-automation-engineer-for-edtech-cong-ty-tnhh-teenup-5413,2
https://itviec.com/it-jobs/tmo-data-engineer-manager-sql-python-spark-kafka-ngan-hang-a-chau-acb-2231,2
https://www.topcv.vn/viec-lam/android-developer-kotlin-up-to-45m/2208352.html,2
https://www.topcv.vn/viec-lam/android-developer-thu-nhap-upto-20-trieu-lam-viec-tai-tu-liem-ha-noi-nghi-thu-7-chu-nhat/1179178.html,2
https://www.topcv.vn/viec-lam/android-developer/2065597.html,2
https://www.topcv.vn/viec-lam/b2b-sales-executive-ai-software-solutions-nhan-vien-kinh-doanh-up-to-40-trieu/2192119.html,2
https://www.topcv.vn/viec-lam/back-end-developer/2084326.html,2
https://www.topcv.vn/viec-lam/backend-developer-golang-3yoe-upto-40m/2206857.html,2
https://www.topcv.vn/viec-lam/backend-senior-backend-developer-tvpl-ai-workspace-management/2217977.html,2
https://www.topcv.vn/viec-lam/boomi-integration-developer/2204757.html,2
https://www.topcv.vn/viec-lam/business-analyst-khoi-ngan-hang-so/2153966.html,2
https://www.topcv.vn/viec-lam/business-intelligence-analyst-melive-at-least-3-years-of-experience/2208339.html,2
https://www.topcv.vn/viec-lam/chuyen-vien-kiem-thu-phan-mem-ke-toan-khong-yeu-cau-kn-tester/2209882.html,2
https://www.topcv.vn/viec-lam/chuyen-vien-kinh-doanh-b2b-kenh-du-an-it-luong-upto-20-trieu-nhan-viec-ngay/2201872.html,2
https://www.topcv.vn/viec-lam/chuyen-vien-kinh-doanh-b2b-thiet-bi-it-camera-luong-upto-20m/2201922.html,2
https://www.topcv.vn/viec-lam/chuyen-vien-kinh-doanh-phan-mem-tu-van-phan-mem-sales-software-tu-1-nam-kinh-nghiem/2207927.html,2
https://www.topcv.vn/viec-lam/chuyen-vien-phan-tich-nghiep-vu-ba-kinh-nghiem-tu-2-nam-muc-luong-tu-20-30m-nghi-t7-cn/2209152.html,2
https://www.topcv.vn/viec-lam/chuyen-vien-phan-tich-nghiep-vu-trien-khai-giai-phap-solution-consultant-kinh-nghiem-business-analyst-solution-engineer/2210264.html,2
https://www.topcv.vn/viec-lam/chuyen-vien-quan-ly-du-an-project-management/2210414.html,2
https://www.topcv.vn/viec-lam/chuyen-vien-quan-ly-du-an-project-manager-2-nam-kinh-nghiem-thu-nhap-hap-dan/2199256.html,2
https://www.topcv.vn/viec-lam/chuyen-vien-trien-khai-san-pham-cong-nghe-thong-tin-thu-nhap-hap-dan-nghi-thu-7-chu-nhat/2220900.html,2
https://www.topcv.vn/viec-lam/chuyen-vien-tu-van-tuyen-sinh-co-it-nhat-2-nam-tro-len-kinh-nghiem-sales-khoa-hoc/2213735.html,2
https://www.topcv.vn/viec-lam/desktop-developer-muc-luong-20-28-trieu-thang-thu-nhap-nam-khoang-15-16-thang-luong/2210581.html,2
https://www.topcv.vn/viec-lam/dieu-duong-da-khoa-chap-nhan-it-kinh-nghiem/2143095.html,2
https://www.topcv.vn/viec-lam/embedded-software-engineer/2212129.html,2
https://www.topcv.vn/viec-lam/etl-developer-data-engineer/1599438.html,2
https://www.topcv.vn/viec-lam/finance-specialist/2169177.html,2
https://www.topcv.vn/viec-lam/front-end-developer-vue-sse-websocket/2127407.html,2
https://www.topcv.vn/viec-lam/frontend-developer-khoi-ngan-hang-so/2153383.html,2
https://www.topcv.vn/viec-lam/full-stack-developer-c-net-javascript/1821009.html,2
https://www.topcv.vn/viec-lam/full-stack-developer-junior-middle-thu-nhap-upto-17-trieu-thang-xet-tang-luong-dinh-ky-nghi-t7-cn/2196525.html,2
https://www.topcv.vn/viec-lam/fullstack-developer-thu-nhap-10-15-trieu-thang/2214170.html,2
https://www.topcv.vn/viec-lam/fullstack-java-developer-good-at-english/2208911.html,2
https://www.topcv.vn/viec-lam/giam-doc-kinh-doanh-it-outsourcing-bfsi/2212606.html,2
https://www.topcv.vn/viec-lam/giam-doc-kinh-doanh-vung-co-it-nhat-1-nam-kinh-nghiem-bao-hiem-nhan-tho-vai-tro-quan-ly/2221532.html,2
https://www.topcv.vn/viec-lam/html-trainee/2209203.html,2
https://www.topcv.vn/viec-lam/it-comtor-ha-noi-thu-nhap-canh-tranh-ho-tro-chi-phi-hoc-ngoai-ngu-co-co-hoi-cong-tac-tai-han-quoc/2161707.html,2
https://www.topcv.vn/viec-lam/it-network-engineer/2190102.html,2
https://www.topcv.vn/viec-lam/java-backend-developer/2113032.html,2
https://www.topcv.vn/viec-lam/junior-business-analyst-domain-kho-mua-hang-san-xuat/2203432.html,2
https://www.topcv.vn/viec-lam/junior-lap-trinh-vien-web-c-net/2221943.html,2
https://www.topcv.vn/viec-lam/korean-bridge-software-engineer/2018851.html,2
https://www.topcv.vn/viec-lam/ky-su-an-toan-thong-tin-security-consultant-yeu-cau-toi-thieu-2-nam-kinh-nghiem-luong-den-2000-usd/2213380.html,2
https://www.topcv.vn/viec-lam/ky-su-du-toan-qs-du-toan-xay-dung-thu-nhap-tu-11-15-trieu-chap-nhan-cac-ban-it-kinh-nghiem-hoc-nganh-xay-dung-di-lam-ngay/2204498.html,2
https://www.topcv.vn/viec-lam/ky-su-he-thong-it-nhan-su-key/2214999.html,2
https://www.topcv.vn/viec-lam/ky-su-kiem-thu-phan-mem-tester/2217254.html,2
https://www.topcv.vn/viec-lam/ky-su-lap-trinh-gia-cong-cnc-thu-nhap-16-25-trieu/2206161.html,2
https://www.topcv.vn/viec-lam/ky-su-lap-trinh-plc-co-kinh-nghiem-thu-nhap-tu-15-25-trieu-tai-ha-noi-di-lam-ngay/2085115.html,2
https://www.topcv.vn/viec-lam/ky-su-phat-trien-phan-mem/2204371.html,2
https://www.topcv.vn/viec-lam/ky-su-phong-rd-iot-engineer/2207138.html,2
https://www.topcv.vn/viec-lam/ky-su-scada-luong-thuong-hap-dan-tai-ha-noi/2213944.html,2
https://www.topcv.vn/viec-lam/ky-su-thiet-ke-dien-lap-trinh-plc-tai-xa-thien-loc-ha-noi/1992382.html,2
https://www.topcv.vn/viec-lam/ky-thuat-it-kiem-admin-lam-viec-tai-binh-duong/2207498.html,2
https://www.topcv.vn/viec-lam/lap-trinh-vien-backend-python2-years-experience/2002623.html,2
https://www.topcv.vn/viec-lam/lap-trinh-vien-fullstack-developer/2022072.html,2
https://www.topcv.vn/viec-lam/lap-trinh-vien-fullstack-tu-3-nam-kinh-nghiem-thu-nhap-upto-2000-usd/1886652.html,2
https://www.topcv.vn/viec-lam/lap-trinh-vien-ml-machine-learning/2206207.html,2
https://www.topcv.vn/viec-lam/lap-trinh-vien-mobile-flutter/2209894.html,2
https://www.topcv.vn/viec-lam/lap-trinh-vien-net-c-net-mvc-net-api-winforms/2207275.html,2
https://www.topcv.vn/viec-lam/nhan-vien-it-it-staff-tai-bac-ninh-di-lam-ngay/2219087.html,2
https://www.topcv.vn/viec-lam/nhan-vien-it-phan-cung-kinh-nghiem-tu-2-nam/1854296.html,2
https://www.topcv.vn/viec-lam/nhan-vien-kinh-doanh-du-an-b2b-it-telecom/2202657.html,2
https://www.topcv.vn/viec-lam/nhan-vien-kinh-doanh-khach-hang-doanh-nghiep/2220674.html,2
https://www.topcv.vn/viec-lam/nhan-vien-ky-thuat-dien-thu-nhap-tu-12-20-trieu/2206554.html,2
https://www.topcv.vn/viec-lam/nhan-vien-lap-trinh-cam-nx-cam-thu-nhap-up-to-25-trieu-yeu-cau-3-nam-kinh-nghiem-xuan-dinh-ha-noi/2206519.html,2
https://www.topcv.vn/viec-lam/nhan-vien-phan-tich-nghiep-vu-ke-toan/2209865.html,2
https://www.topcv.vn/viec-lam/nhan-vien-trien-khai-phan-mem/1329278.html,2
https://www.topcv.vn/viec-lam/nhan-vien-tu-van-sale-online-cham-soc-khach-hang-game-thu-nhap-hap-dan/1662973.html,2
https://www.topcv.vn/viec-lam/nhan-vien-van-hanh-san-tmdt-amazon-alibaba-luong-cao-tai-ho-chi-minh-it-nhat-2-nam-kinh-nghiem-nganh/2208459.html,2
https://www.topcv.vn/viec-lam/penetration-tester/2043180.html,2
https://www.topcv.vn/viec-lam/phat-trien-san-pham-product-owner-project-manager/1738015.html,2
https://www.topcv.vn/viec-lam/project-manager-brse-ha-noi/2182470.html,2
https://www.topcv.vn/viec-lam/qc-engineer-for-game-jun-lead/2216985.html,2
https://www.topcv.vn/viec-lam/qc-engineer-software-tester/2189310.html,2
https://www.topcv.vn/viec-lam/sales-manager-saas-ai-product-sme-segment/2213474.html,2
https://www.topcv.vn/viec-lam/sap-fiori-developer/2215435.html,2
https://www.topcv.vn/viec-lam/senior-business-analyst-domain-accounting-finance/2209870.html,2
https://www.topcv.vn/viec-lam/senior-business-analyst-domain-retail-fb/2190541.html,2
https://www.topcv.vn/viec-lam/senior-business-analyst-domain-retail-offer-upto-1500/2220935.html,2
https://www.topcv.vn/viec-lam/senior-business-analyst/2210357.html,2
https://www.topcv.vn/viec-lam/senior-delivery-manager-software-development-ho-chi-minh-thu-nhap-canh-tranh-nhieu-nam-kinh-nghiem/2218765.html,2
https://www.topcv.vn/viec-lam/senior-dev-odoo-kinh-nghiem-tu-3-nam-tro-len-thu-nhap-tu-25m-40m-nghi-t7-cn/2209118.html,2
https://www.topcv.vn/viec-lam/senior-lap-trinh-vien-web-c-net/2221973.html,2
https://www.topcv.vn/viec-lam/software-engineer-golang-python-java-net/2211335.html,2
https://www.topcv.vn/viec-lam/software-tester-manual/2217002.html,2
https://www.topcv.vn/viec-lam/system-engineer-it-quan-tri-he-thong-tu-3-nam-kinh-nghiem/2212871.html,2
https://www.topcv.vn/viec-lam/system-engineer-network-engineer-phu-my-3/2220260.html,2
https://www.topcv.vn/viec-lam/tester-junior-mid-yeu-cau-tieng-nhat/638505.html,2
https://www.topcv.vn/viec-lam/tester-senior-mid/2209440.html,2
https://www.topcv.vn/viec-lam/trien-khai-nghiep-vu-erp-consultant-ba-odoo-oracle-upto-35m/2213760.html,2
https://www.topcv.vn/viec-lam/truong-nhom-lap-trinh-java-thu-nhap-hap-dan/2199242.html,2
https://www.topcv.vn/viec-lam/truong-phong-kinh-doanh-khach-hang-doanh-nghiep/2220250.html,2
https://www.topcv.vn/viec-lam/truong-phong-kinh-doanh-linh-vuc-cong-nghe-it-luong-20-35m-nop-cv-tieng-nhat/2218858.html,2
https://www.topcv.vn/viec-lam/unity-developer-game-mobile-ha-noi-thu-nhap-canh-tranh-ho-tro-chi-phi-hoc-ngoai-ngu-co-hoi-cong-tac-tai-han-quoc/2178625.html,2
